DELETE FROM tours;
DELETE FROM units;
DELETE FROM floors;
DELETE FROM building_faces;
DELETE FROM locations_poi;

-- Seeding building_faces
INSERT INTO building_faces (id, name, day_background, day_background_video, day_highlight, day_intro_video, day_to_left_transition, day_to_right_transition, night_background, night_background_video, night_highlight, night_intro_video, night_to_left_transition, night_to_right_transition, day_to_night_transition, night_to_day_transition, "order") VALUES 
(1, 'Cara Central', 'building/photos/face_0_daylight.png', 'building/videos/face_0_daylight.mp4', NULL, 'videos/walks/walk_center_daylight.mp4', 'building/transitions/trans_0_to_2_daylight.mp4', 'building/transitions/trans_0_to_1_daylight.mp4', 'building/photos/face_0_nightlight.png', 'building/videos/face_0_nightlight.mp4', NULL, 'videos/walks/walk_center_nightlight.mp4', 'building/transitions/trans_0_to_2_nightlight.mp4', 'building/transitions/trans_0_to_1_nightlight.mp4', 'building/transitions/trans_0_day_to_night.mp4', 'building/transitions/trans_0_night_to_day.mp4', 0),
(2, 'Cara Derecha', 'building/photos/face_1_daylight.png', NULL, NULL, 'videos/walks/walk_right_daylight.mp4', 'building/transitions/trans_1_to_0_daylight.mp4', 'building/transitions/trans_1_to_0_daylight.mp4', 'building/photos/face_1_nightlight.png', NULL, NULL, 'videos/walks/walk_right_nightlight.mp4', 'building/transitions/trans_1_to_0_nightlight.mp4', 'building/transitions/trans_1_to_0_nightlight.mp4', 'building/transitions/trans_1_day_to_night.mp4', 'building/transitions/trans_1_night_to_day.mp4', 1),
(3, 'Cara Izquierda', 'building/photos/face_2_daylight.png', NULL, NULL, 'videos/walks/walk_left_daylight.mp4', 'building/transitions/trans_2_to_0_daylight.mp4', 'building/transitions/trans_2_to_0_daylight.mp4', 'building/photos/face_2_nightlight.png', NULL, NULL, 'videos/walks/walk_left_nightlight.mp4', 'building/transitions/trans_2_to_0_nightlight.mp4', 'building/transitions/trans_2_to_0_nightlight.mp4', 'building/transitions/trans_2_day_to_night.mp4', 'building/transitions/trans_2_night_to_day.mp4', 2);

-- Seeding floors & units
INSERT INTO floors (id, name, level, type, image_path) VALUES ('floor_2', 'Piso 2', 2, 'Piso', 'plants/floor_2.jpg');
INSERT INTO units (id, floor_id, identifier, type, bedrooms, bathrooms, area_sqm, coordinates, state, tour_url, photos_furnished, photos_unfurnished, photos_plans, gallery, renders) VALUES ('unit_2_201', 'floor_2', '201', 'APARTMENT', NULL, NULL, 57.84, NULL, 'AVAILABLE', NULL, '["plants/details/tipo_201/furnished.jpg"]', '["plants/details/tipo_201/unfurnished.jpg"]', '["plants/details/tipo_201/plans.jpg"]', '[]', '[]');
INSERT INTO units (id, floor_id, identifier, type, bedrooms, bathrooms, area_sqm, coordinates, state, tour_url, photos_furnished, photos_unfurnished, photos_plans, gallery, renders) VALUES ('unit_2_202', 'floor_2', '202', 'APARTMENT', NULL, NULL, 70.72, NULL, 'AVAILABLE', NULL, '["plants/details/tipo_202/furnished.jpg"]', '["plants/details/tipo_202/unfurnished.jpg"]', '["plants/details/tipo_202/plans.jpg"]', '[]', '[]');
INSERT INTO floors (id, name, level, type, image_path) VALUES ('floor_3', 'Piso 3', 3, 'Piso', 'plants/floor_3.jpg');
INSERT INTO units (id, floor_id, identifier, type, bedrooms, bathrooms, area_sqm, coordinates, state, tour_url, photos_furnished, photos_unfurnished, photos_plans, gallery, renders) VALUES ('unit_3_301', 'floor_3', '301', 'APARTMENT', NULL, NULL, 57.84, NULL, 'AVAILABLE', NULL, '["plants/details/tipo_201/furnished.jpg"]', '["plants/details/tipo_201/unfurnished.jpg"]', '["plants/details/tipo_201/plans.jpg"]', '[]', '[]');
INSERT INTO units (id, floor_id, identifier, type, bedrooms, bathrooms, area_sqm, coordinates, state, tour_url, photos_furnished, photos_unfurnished, photos_plans, gallery, renders) VALUES ('unit_3_302', 'floor_3', '302', 'APARTMENT', NULL, NULL, 70.72, NULL, 'AVAILABLE', NULL, '["plants/details/tipo_302/furnished.jpg"]', '["plants/details/tipo_302/unfurnished.jpg"]', '["plants/details/tipo_302/plans.jpg"]', '[]', '[]');
INSERT INTO floors (id, name, level, type, image_path) VALUES ('floor_4', 'Piso 4', 4, 'Piso', 'plants/floor_4.jpg');
INSERT INTO units (id, floor_id, identifier, type, bedrooms, bathrooms, area_sqm, coordinates, state, tour_url, photos_furnished, photos_unfurnished, photos_plans, gallery, renders) VALUES ('unit_4_401', 'floor_4', '401', 'APARTMENT', NULL, NULL, 57.84, NULL, 'AVAILABLE', NULL, '["plants/details/tipo_201/furnished.jpg"]', '["plants/details/tipo_201/unfurnished.jpg"]', '["plants/details/tipo_201/plans.jpg"]', '[]', '[]');
INSERT INTO units (id, floor_id, identifier, type, bedrooms, bathrooms, area_sqm, coordinates, state, tour_url, photos_furnished, photos_unfurnished, photos_plans, gallery, renders) VALUES ('unit_4_402', 'floor_4', '402', 'APARTMENT', NULL, NULL, 70.72, NULL, 'AVAILABLE', NULL, '["plants/details/tipo_302/furnished.jpg"]', '["plants/details/tipo_302/unfurnished.jpg"]', '["plants/details/tipo_302/plans.jpg"]', '[]', '[]');
INSERT INTO floors (id, name, level, type, image_path) VALUES ('floor_5', 'Piso 5', 5, 'Piso', 'plants/floor_5.jpg');
INSERT INTO units (id, floor_id, identifier, type, bedrooms, bathrooms, area_sqm, coordinates, state, tour_url, photos_furnished, photos_unfurnished, photos_plans, gallery, renders) VALUES ('unit_5_501', 'floor_5', '501', 'APARTMENT', NULL, NULL, 57.84, NULL, 'AVAILABLE', NULL, '["plants/details/tipo_201/furnished.jpg"]', '["plants/details/tipo_201/unfurnished.jpg"]', '["plants/details/tipo_201/plans.jpg"]', '[]', '[]');
INSERT INTO units (id, floor_id, identifier, type, bedrooms, bathrooms, area_sqm, coordinates, state, tour_url, photos_furnished, photos_unfurnished, photos_plans, gallery, renders) VALUES ('unit_5_502', 'floor_5', '502', 'APARTMENT', NULL, NULL, 70.72, NULL, 'AVAILABLE', NULL, '["plants/details/tipo_302/furnished.jpg"]', '["plants/details/tipo_302/unfurnished.jpg"]', '["plants/details/tipo_302/plans.jpg"]', '[]', '[]');
INSERT INTO floors (id, name, level, type, image_path) VALUES ('floor_6', 'Piso 6', 6, 'Piso', 'plants/floor_6.jpg');
INSERT INTO units (id, floor_id, identifier, type, bedrooms, bathrooms, area_sqm, coordinates, state, tour_url, photos_furnished, photos_unfurnished, photos_plans, gallery, renders) VALUES ('unit_6_601', 'floor_6', '601', 'APARTMENT', NULL, NULL, 57.84, NULL, 'AVAILABLE', NULL, '["plants/details/tipo_201/furnished.jpg"]', '["plants/details/tipo_201/unfurnished.jpg"]', '["plants/details/tipo_201/plans.jpg"]', '[]', '[]');
INSERT INTO units (id, floor_id, identifier, type, bedrooms, bathrooms, area_sqm, coordinates, state, tour_url, photos_furnished, photos_unfurnished, photos_plans, gallery, renders) VALUES ('unit_6_602', 'floor_6', '602', 'APARTMENT', NULL, NULL, 70.72, NULL, 'AVAILABLE', NULL, '["plants/details/tipo_302/furnished.jpg"]', '["plants/details/tipo_302/unfurnished.jpg"]', '["plants/details/tipo_302/plans.jpg"]', '[]', '[]');
INSERT INTO floors (id, name, level, type, image_path) VALUES ('floor_7', 'Piso 7', 7, 'Piso', 'plants/floor_7.jpg');
INSERT INTO units (id, floor_id, identifier, type, bedrooms, bathrooms, area_sqm, coordinates, state, tour_url, photos_furnished, photos_unfurnished, photos_plans, gallery, renders) VALUES ('unit_7_701', 'floor_7', '701', 'APARTMENT', NULL, NULL, 57.84, NULL, 'AVAILABLE', NULL, '["plants/details/tipo_201/furnished.jpg"]', '["plants/details/tipo_201/unfurnished.jpg"]', '["plants/details/tipo_201/plans.jpg"]', '[]', '[]');
INSERT INTO units (id, floor_id, identifier, type, bedrooms, bathrooms, area_sqm, coordinates, state, tour_url, photos_furnished, photos_unfurnished, photos_plans, gallery, renders) VALUES ('unit_7_702', 'floor_7', '702', 'APARTMENT', NULL, NULL, 70.72, NULL, 'AVAILABLE', NULL, '["plants/details/tipo_302/furnished.jpg"]', '["plants/details/tipo_302/unfurnished.jpg"]', '["plants/details/tipo_302/plans.jpg"]', '[]', '[]');
INSERT INTO floors (id, name, level, type, image_path) VALUES ('floor_8', 'Piso 8', 8, 'Piso', 'plants/floor_8.jpg');
INSERT INTO units (id, floor_id, identifier, type, bedrooms, bathrooms, area_sqm, coordinates, state, tour_url, photos_furnished, photos_unfurnished, photos_plans, gallery, renders) VALUES ('unit_8_801', 'floor_8', '801', 'APARTMENT', NULL, NULL, 91.14, NULL, 'AVAILABLE', NULL, '["plants/details/tipo_801/furnished.jpg"]', '["plants/details/tipo_801/unfurnished.jpg"]', '["plants/details/tipo_801/plans.jpg"]', '[]', '[]');
INSERT INTO units (id, floor_id, identifier, type, bedrooms, bathrooms, area_sqm, coordinates, state, tour_url, photos_furnished, photos_unfurnished, photos_plans, gallery, renders) VALUES ('unit_8_802', 'floor_8', '802', 'APARTMENT', NULL, NULL, 108.41, NULL, 'AVAILABLE', NULL, '["plants/details/tipo_802/furnished.jpg"]', '["plants/details/tipo_802/unfurnished.jpg"]', '["plants/details/tipo_802/plans.jpg"]', '[]', '[]');
INSERT INTO floors (id, name, level, type, image_path) VALUES ('floor_9', 'Piso 9', 9, 'Piso', 'plants/floor_9.jpg');
INSERT INTO floors (id, name, level, type, image_path) VALUES ('floor_1', 'Piso 1', 1, 'Piso', 'plants/floor_1.jpg');
INSERT INTO units (id, floor_id, identifier, type, bedrooms, bathrooms, area_sqm, coordinates, state, tour_url, photos_furnished, photos_unfurnished, photos_plans, gallery, renders) VALUES ('unit_1_101', 'floor_1', '101', 'STORAGE', NULL, NULL, 14.29, NULL, 'AVAILABLE', NULL, '[]', '[]', '[]', '[]', '[]');
INSERT INTO units (id, floor_id, identifier, type, bedrooms, bathrooms, area_sqm, coordinates, state, tour_url, photos_furnished, photos_unfurnished, photos_plans, gallery, renders) VALUES ('unit_1_102', 'floor_1', '102', 'STORAGE', NULL, NULL, 14.58, NULL, 'AVAILABLE', NULL, '[]', '[]', '[]', '[]', '[]');
INSERT INTO units (id, floor_id, identifier, type, bedrooms, bathrooms, area_sqm, coordinates, state, tour_url, photos_furnished, photos_unfurnished, photos_plans, gallery, renders) VALUES ('unit_1_103', 'floor_1', '103', 'STORAGE', NULL, NULL, 14.59, NULL, 'AVAILABLE', NULL, '[]', '[]', '[]', '[]', '[]');
INSERT INTO units (id, floor_id, identifier, type, bedrooms, bathrooms, area_sqm, coordinates, state, tour_url, photos_furnished, photos_unfurnished, photos_plans, gallery, renders) VALUES ('unit_1_104', 'floor_1', '104', 'STORAGE', NULL, NULL, 13.66, NULL, 'AVAILABLE', NULL, '[]', '[]', '[]', '[]', '[]');
INSERT INTO units (id, floor_id, identifier, type, bedrooms, bathrooms, area_sqm, coordinates, state, tour_url, photos_furnished, photos_unfurnished, photos_plans, gallery, renders) VALUES ('unit_1_105', 'floor_1', '105', 'STORAGE', NULL, NULL, 13.9, NULL, 'AVAILABLE', NULL, '[]', '[]', '[]', '[]', '[]');
INSERT INTO units (id, floor_id, identifier, type, bedrooms, bathrooms, area_sqm, coordinates, state, tour_url, photos_furnished, photos_unfurnished, photos_plans, gallery, renders) VALUES ('unit_1_106', 'floor_1', '106', 'STORAGE', NULL, NULL, 1.48, NULL, 'AVAILABLE', NULL, '[]', '[]', '[]', '[]', '[]');

-- Seeding locations_poi
INSERT INTO locations_poi (id, name, category, image_path, longitude, latitude, is_active) VALUES ('03c4eb0bc3aef68612b5cb6d0d70bbf4', 'Tai Loy', 'Comercio', 'icons/COMERCIO/logo-tailoy.png', -77.073819, -12.09053, 1);
INSERT INTO locations_poi (id, name, category, image_path, longitude, latitude, is_active) VALUES ('0620af5d6a4903f5af1d84bdb98579e1', 'Pamer', 'Educación', 'icons/EDUCACION/logo-pamer.png', -77.067996, -12.085424, 1);
INSERT INTO locations_poi (id, name, category, image_path, longitude, latitude, is_active) VALUES ('0f95da580026c711d19589803e5cd07b', 'Clinica Municipal Corazon de Maria', 'Salud y bienestar', 'icons/SALUD_Y_BIENESTAR/logo-hospital.png', -77.069478, -12.086287, 1);
INSERT INTO locations_poi (id, name, category, image_path, longitude, latitude, is_active) VALUES ('1574b80c07a35d56d23918e98e3d9692', 'Toulouse Lautrec', 'Educación', 'icons/EDUCACION/logo-toulouse.png', -77.058387, -12.093946, 1);
INSERT INTO locations_poi (id, name, category, image_path, longitude, latitude, is_active) VALUES ('17bd171975759cdddec8fdb7a23a66bc', 'Parque La Amistad', 'Áreas verdes y Recreación', 'icons/AREAS_VERDES_Y_RECREACION/logo-deporte.png', -77.073729, -12.083626, 1);
INSERT INTO locations_poi (id, name, category, image_path, longitude, latitude, is_active) VALUES ('18a080fed9797542d2329efc923710c7', 'Master Kong', 'Restaurantes', 'icons/RESTAURANTES/logo-masterkong.png', -77.06344, -12.075717, 1);
INSERT INTO locations_poi (id, name, category, image_path, longitude, latitude, is_active) VALUES ('18d358560fc29fa3504648cb94772b2c', 'Organa', 'Comercio', 'icons/COMERCIO/logo-organa.png', -77.061952, -12.084582, 1);
INSERT INTO locations_poi (id, name, category, image_path, longitude, latitude, is_active) VALUES ('18d5d05494bff3a97eee874decce64b0', 'Cantolao', 'Lifestyle', 'icons/LIFESTYLE/logo-cantolao.png', -77.074019, -12.080376, 1);
INSERT INTO locations_poi (id, name, category, image_path, longitude, latitude, is_active) VALUES ('1fe96490da9d368e0eb9bb2d8d941426', 'Parque Leoncio Prado', 'Áreas verdes y Recreación', 'icons/AREAS_VERDES_Y_RECREACION/logo-deporte.png', -77.061449, -12.089334, 1);
INSERT INTO locations_poi (id, name, category, image_path, longitude, latitude, is_active) VALUES ('2081d5ffad9c525e32e52331baf40235', 'Hospital Nacional PNP', 'Salud y bienestar', 'icons/SALUD_Y_BIENESTAR/logo-hospital.png', -77.060382, -12.085194, 1);
INSERT INTO locations_poi (id, name, category, image_path, longitude, latitude, is_active) VALUES ('2691080d3e5c123d37ba12ccedb03506', 'Institucion Educativa Miguel Grau', 'Educación', 'icons/EDUCACION/logo-colegio.png', -77.068773, -12.089188, 1);
INSERT INTO locations_poi (id, name, category, image_path, longitude, latitude, is_active) VALUES ('26d1d3353b91db453dba5b4a62239466', 'Justin Saldaña', 'Áreas verdes y Recreación', 'icons/AREAS_VERDES_Y_RECREACION/logo-deporte.png', -77.073762, -12.084812, 1);
INSERT INTO locations_poi (id, name, category, image_path, longitude, latitude, is_active) VALUES ('27a942d532844164e3126189e180937a', 'Parque Puente y Cortez', 'Áreas verdes y Recreación', 'icons/AREAS_VERDES_Y_RECREACION/logo-deporte.png', -77.064708, -12.080917, 1);
INSERT INTO locations_poi (id, name, category, image_path, longitude, latitude, is_active) VALUES ('290de9bef1a5b4b4a609e83af2ccf3d0', 'Cajero Banco de la Nacion', 'Finanzas', 'icons/FINANZAS/logo-bancodelanacion.png', -77.06084, -12.083975, 1);
INSERT INTO locations_poi (id, name, category, image_path, longitude, latitude, is_active) VALUES ('2b4d98d676fc50ad3b2bbe35ab10d1ad', 'Mass', 'Comercio', 'icons/COMERCIO/logo-mass.png', -77.067922, -12.084458, 1);
INSERT INTO locations_poi (id, name, category, image_path, longitude, latitude, is_active) VALUES ('2bd959898c9018a7cd68fe6187ee94c6', 'Parque Santa Eulalia', 'Áreas verdes y Recreación', 'icons/AREAS_VERDES_Y_RECREACION/logo-deporte.png', -77.075284, -12.086024, 1);
INSERT INTO locations_poi (id, name, category, image_path, longitude, latitude, is_active) VALUES ('33b91cdedc7b3bce8c574fe8a99404dc', 'Metro', 'Comercio', 'icons/COMERCIO/logo-metro.png', -77.057864, -12.089173, 1);
INSERT INTO locations_poi (id, name, category, image_path, longitude, latitude, is_active) VALUES ('39131312d5bc933b9bc42e381647d9d5', 'Domino''s Pizza', 'Restaurantes', 'icons/RESTAURANTES/logo-dominos.png', -77.066658, -12.082169, 1);
INSERT INTO locations_poi (id, name, category, image_path, longitude, latitude, is_active) VALUES ('3e0a868abd7d509c1d58f3267fc68588', 'Hospital Militar Central', 'Salud y bienestar', 'icons/SALUD_Y_BIENESTAR/logo-hospital.png', -77.061695, -12.086791, 1);
INSERT INTO locations_poi (id, name, category, image_path, longitude, latitude, is_active) VALUES ('3fe71a72e5d36455c0e90284c5bee62e', 'Venecia', 'Otros', 'icons/VENECIA/logo-proyecto.png', -77.065985, -12.085495, 1);
INSERT INTO locations_poi (id, name, category, image_path, longitude, latitude, is_active) VALUES ('434ed0ca1dc7d29974056787bf5c240a', 'Banco de la Nacion', 'Finanzas', 'icons/FINANZAS/logo-bancodelanacion.png', -77.068799, -12.092934, 1);
INSERT INTO locations_poi (id, name, category, image_path, longitude, latitude, is_active) VALUES ('4374bd6375daa03266a349f415d53c85', 'Mercado Magdalena', 'Comercio', 'icons/COMERCIO/logo-mercado.png', -77.073157, -12.090929, 1);
INSERT INTO locations_poi (id, name, category, image_path, longitude, latitude, is_active) VALUES ('4460702188662d4d336aeb55f197bd47', 'La Choza Nautica', 'Restaurantes', 'icons/RESTAURANTES/logo-lachozanautica.png', -77.064797, -12.07874, 1);
INSERT INTO locations_poi (id, name, category, image_path, longitude, latitude, is_active) VALUES ('4aeac89c7b7e030e07312c7bae573f78', 'Little Caesar''s', 'Restaurantes', 'icons/RESTAURANTES/logo-littlecaesars.png', -77.064691, -12.07727, 1);
INSERT INTO locations_poi (id, name, category, image_path, longitude, latitude, is_active) VALUES ('4c92173b79108a9fea8c5a39b956623f', 'Clinica San Felipe', 'Salud y bienestar', 'icons/SALUD_Y_BIENESTAR/logo-hospital.png', -77.054338, -12.086035, 1);
INSERT INTO locations_poi (id, name, category, image_path, longitude, latitude, is_active) VALUES ('5017ee84a2bb89d9a14a1c43eaff9161', 'Parque Miguel Alegre', 'Áreas verdes y Recreación', 'icons/AREAS_VERDES_Y_RECREACION/logo-deporte.png', -77.072646, -12.082531, 1);
INSERT INTO locations_poi (id, name, category, image_path, longitude, latitude, is_active) VALUES ('527e7afc68e365bb1ea342041c946d8c', 'Teatro Peruano Japones', 'Lifestyle', 'icons/LIFESTYLE/logo-teatro.png', -77.055244, -12.087504, 1);
INSERT INTO locations_poi (id, name, category, image_path, longitude, latitude, is_active) VALUES ('546b153d589f80ec75a48bf4d74e4d0f', 'Colegio Parroquial San Juan Maria Vianney', 'Educación', 'icons/EDUCACION/logo-colegio.png', -77.067997, -12.093583, 1);
INSERT INTO locations_poi (id, name, category, image_path, longitude, latitude, is_active) VALUES ('56c1e9740be9ac3d06ae86529c3685d5', 'BCP', 'Finanzas', 'icons/FINANZAS/logo-bcp.png', -77.064957, -12.077451, 1);
INSERT INTO locations_poi (id, name, category, image_path, longitude, latitude, is_active) VALUES ('5792084f2cbe31e262ae9a5ff06946d3', 'Mifarma', 'Salud y bienestar', 'icons/SALUD_Y_BIENESTAR/logo-mifarma.png', -77.061809, -12.084407, 1);
INSERT INTO locations_poi (id, name, category, image_path, longitude, latitude, is_active) VALUES ('57ae93a73732fa673084c3d5297f5643', 'Veterinaria  Municipal de Magdalena', 'Salud y bienestar', 'icons/SALUD_Y_BIENESTAR/logo-veterinaria.png', -77.070338, -12.085339, 1);
INSERT INTO locations_poi (id, name, category, image_path, longitude, latitude, is_active) VALUES ('5923a17936c46305a0317deb25048b6f', 'Complejo Deportivo Daniel Peredo', 'Lifestyle', 'icons/LIFESTYLE/cineplanet.png', -77.057172, -12.076891, 1);
INSERT INTO locations_poi (id, name, category, image_path, longitude, latitude, is_active) VALUES ('5a4540a81312037d7c88456b4d5da0a0', 'Parque Santa Martha', 'Áreas verdes y Recreación', 'icons/AREAS_VERDES_Y_RECREACION/logo-deporte.png', -77.068462, -12.081295, 1);
INSERT INTO locations_poi (id, name, category, image_path, longitude, latitude, is_active) VALUES ('6243226dd4f9f204b4cc36a186459a42', 'ATM Interbank', 'Finanzas', 'icons/FINANZAS/logo-interbank.png', -77.072077, -12.089856, 1);
INSERT INTO locations_poi (id, name, category, image_path, longitude, latitude, is_active) VALUES ('65b72e5aacc0f75b3957d70b0428ff64', 'Scotiabank', 'Finanzas', 'icons/FINANZAS/logo-scotiabank.png', -77.065142, -12.077899, 1);
INSERT INTO locations_poi (id, name, category, image_path, longitude, latitude, is_active) VALUES ('6807cc0561aa3a1397ad8f4cdc0fcded', 'Supermercado Candy', 'Comercio', 'icons/COMERCIO/logo-candy.png', -77.067072, -12.090679, 1);
INSERT INTO locations_poi (id, name, category, image_path, longitude, latitude, is_active) VALUES ('6acc2d74c7a914df55bb3094635e49ce', 'Nido Retama', 'Educación', 'icons/EDUCACION/logo-colegio.png', -77.06697, -12.08638, 1);
INSERT INTO locations_poi (id, name, category, image_path, longitude, latitude, is_active) VALUES ('72b5c60edcfc7330c65a3e641ffb3953', 'Cineplanet Salaverry', 'Lifestyle', 'icons/LIFESTYLE/logo-cineplanet.png', -77.053266, -12.089763, 1);
INSERT INTO locations_poi (id, name, category, image_path, longitude, latitude, is_active) VALUES ('73317ac218d6bd1d3a647b490c83ad37', 'World Fit 360', 'Lifestyle', 'icons/LIFESTYLE/logo-gimnasio.png', -77.066172, -12.089734, 1);
INSERT INTO locations_poi (id, name, category, image_path, longitude, latitude, is_active) VALUES ('749666fb01ebc370da8528b62dd793fa', 'Colegio Jesus Mio', 'Educación', 'icons/EDUCACION/logo-colegio.png', -77.067556, -12.086672, 1);
INSERT INTO locations_poi (id, name, category, image_path, longitude, latitude, is_active) VALUES ('78ebc14e6056829bb61df9618a3a59be', 'Policlinico Peruano Japones', 'Salud y bienestar', 'icons/SALUD_Y_BIENESTAR/logo-hospital.png', -77.054701, -12.087712, 1);
INSERT INTO locations_poi (id, name, category, image_path, longitude, latitude, is_active) VALUES ('8131244b4608e795eb14a0c002998465', 'PUCP', 'Educación', 'icons/EDUCACION/logo-pucp.png', -77.080121, -12.069332, 1);
INSERT INTO locations_poi (id, name, category, image_path, longitude, latitude, is_active) VALUES ('841bc39a66f4ee37d41f8d91646d37bb', 'Campo Deportivo Arena 7', 'Lifestyle', 'icons/LIFESTYLE/cineplanet.png', -77.075312, -12.080421, 1);
INSERT INTO locations_poi (id, name, category, image_path, longitude, latitude, is_active) VALUES ('8739f7022a7112ca96d5453526f5db22', 'Interbank', 'Finanzas', 'icons/FINANZAS/logo-interbank.png', -77.064741, -12.078039, 1);
INSERT INTO locations_poi (id, name, category, image_path, longitude, latitude, is_active) VALUES ('87a6c39ffc76c5ed7c068c96ef3266ec', 'El Huron Azul', 'Salud y bienestar', 'icons/SALUD_Y_BIENESTAR/logo-huronazul.png', -77.065312, -12.078308, 1);
INSERT INTO locations_poi (id, name, category, image_path, longitude, latitude, is_active) VALUES ('8d860622f687dd0a814a8308b7d4f425', 'Fighter Fit', 'Lifestyle', 'icons/LIFESTYLE/logo-gimnasio.png', -77.066384, -12.081585, 1);
INSERT INTO locations_poi (id, name, category, image_path, longitude, latitude, is_active) VALUES ('8e9dd26669db4c4e691b762f513f14bc', 'Villa Chicken', 'Restaurantes', 'icons/RESTAURANTES/logo-villachicken.png', -77.064077, -12.091752, 1);
INSERT INTO locations_poi (id, name, category, image_path, longitude, latitude, is_active) VALUES ('922c4fd3c646ce1baac55c51a4ad0dfb', 'Tienda 3A', 'Comercio', 'icons/COMERCIO/logo-3a.png', -77.065254, -12.078213, 1);
INSERT INTO locations_poi (id, name, category, image_path, longitude, latitude, is_active) VALUES ('9db85e1ed234128ce8e9da6131e29600', 'Oxxo', 'Restaurantes', 'icons/RESTAURANTES/bembos.png', -77.064754, -12.088769, 1);
INSERT INTO locations_poi (id, name, category, image_path, longitude, latitude, is_active) VALUES ('a47f5b83035f2b01f487af0a2a529646', 'Mibanco', 'Finanzas', 'icons/FINANZAS/logo-mibanco.png', -77.065928, -12.089359, 1);
INSERT INTO locations_poi (id, name, category, image_path, longitude, latitude, is_active) VALUES ('a58370c4aca09be1ce49ef556ec42b4e', 'Elia', 'Restaurantes', 'icons/RESTAURANTES/logo-elia.png', -77.064755, -12.090514, 1);
INSERT INTO locations_poi (id, name, category, image_path, longitude, latitude, is_active) VALUES ('a68cd24b0c11ccfb94c91e94b87fa52e', 'Chicharrones Don Lucho', 'Restaurantes', 'icons/RESTAURANTES/logo-restaurante.png', -77.064894, -12.076943, 1);
INSERT INTO locations_poi (id, name, category, image_path, longitude, latitude, is_active) VALUES ('af7c7397043b7cc80da0ebf88b7cbb60', 'UPC', 'Educación', 'icons/EDUCACION/logo-upc.png', -77.050028, -12.087608, 1);
INSERT INTO locations_poi (id, name, category, image_path, longitude, latitude, is_active) VALUES ('afcc476dd2743c83b3f0caf16562c826', 'Policlinico Pueblo Libre', 'Salud y bienestar', 'icons/SALUD_Y_BIENESTAR/logo-hospital.png', -77.066591, -12.078402, 1);
INSERT INTO locations_poi (id, name, category, image_path, longitude, latitude, is_active) VALUES ('b109afd36235c582109da81e00b77714', 'BBVA', 'Finanzas', 'icons/FINANZAS/logo-bbva.png', -77.066453, -12.080775, 1);
INSERT INTO locations_poi (id, name, category, image_path, longitude, latitude, is_active) VALUES ('b1649dfb33fce13e52cf83c07d037c61', 'Pardos Chicken', 'Restaurantes', 'icons/RESTAURANTES/logo-pardoschicken.png', -77.062906, -12.091913, 1);
INSERT INTO locations_poi (id, name, category, image_path, longitude, latitude, is_active) VALUES ('b21e1f183268f492a976a255d1b8e9ee', 'KFC', 'Restaurantes', 'icons/RESTAURANTES/bembos.png', -77.065561, -12.089828, 1);
INSERT INTO locations_poi (id, name, category, image_path, longitude, latitude, is_active) VALUES ('bb410911c5fd32b7c4591daa05f54c99', 'Starbucks', 'Restaurantes', 'icons/RESTAURANTES/logo-starbucks.png', -77.066541, -12.083553, 1);
INSERT INTO locations_poi (id, name, category, image_path, longitude, latitude, is_active) VALUES ('bc624bb5ea30b927d308c589a3fddcec', 'Plaza San Miguel', 'Comercio', 'icons/COMERCIO/logo-plazasanmiguel.png', -77.082367, -12.077213, 1);
INSERT INTO locations_poi (id, name, category, image_path, longitude, latitude, is_active) VALUES ('bfa9f29a4bc1fc24a7bb88d6e4ad1f2d', 'Smart Fit', 'Lifestyle', 'icons/LIFESTYLE/logo-smartfit.png', -77.071072, -12.089857, 1);
INSERT INTO locations_poi (id, name, category, image_path, longitude, latitude, is_active) VALUES ('c136bd7d9c81f1c2906296f397b81c5f', 'Universidad del Pacifico', 'Educación', 'icons/EDUCACION/logo-upacifico.png', -77.048329, -12.083853, 1);
INSERT INTO locations_poi (id, name, category, image_path, longitude, latitude, is_active) VALUES ('c621611f494be22aecfe04ffae5a0304', 'Mass', 'Comercio', 'icons/COMERCIO/logo-mass.png', -77.064412, -12.087569, 1);
INSERT INTO locations_poi (id, name, category, image_path, longitude, latitude, is_active) VALUES ('c7306dd28cf95642f68df5d6fef43fd4', 'Centro Cultural Peruano Japones', 'Lifestyle', 'icons/LIFESTYLE/logo-museo.png', -77.055242, -12.087755, 1);
INSERT INTO locations_poi (id, name, category, image_path, longitude, latitude, is_active) VALUES ('c78f7b442517ef195fe399ab0e9c2ffe', 'Real Plaza Salaverry', 'Comercio', 'icons/COMERCIO/logo-plazasalaverry.png', -77.052428, -12.090086, 1);
INSERT INTO locations_poi (id, name, category, image_path, longitude, latitude, is_active) VALUES ('c822478774ecd4406847a18fe28eb677', 'Tambo', 'Comercio', 'icons/COMERCIO/logo-tambo.png', -77.068089, -12.084894, 1);
INSERT INTO locations_poi (id, name, category, image_path, longitude, latitude, is_active) VALUES ('ce19b966715d5f424ffd8e3daeadec31', 'Heladería Speziale', 'Restaurantes', 'icons/RESTAURANTES/bembos.png', -77.067827, -12.087469, 1);
INSERT INTO locations_poi (id, name, category, image_path, longitude, latitude, is_active) VALUES ('d66b6e76e96d9e2434472bc34bb6cced', 'Pizzería La Romana', 'Restaurantes', 'icons/RESTAURANTES/logo-laromana.png', -77.064886, -12.078699, 1);
INSERT INTO locations_poi (id, name, category, image_path, longitude, latitude, is_active) VALUES ('dc738b4142d41951f9716483e85f892c', 'Cajero BCP', 'Finanzas', 'icons/FINANZAS/logo-bcp.png', -77.067137, -12.083433, 1);
INSERT INTO locations_poi (id, name, category, image_path, longitude, latitude, is_active) VALUES ('df6cead883d3a62151eb1bfc1b10b41c', 'Antigua Taberna Queirolo', 'Restaurantes', 'icons/RESTAURANTES/logo-tabernaqueirolo.png', -77.063071, -12.077591, 1);
INSERT INTO locations_poi (id, name, category, image_path, longitude, latitude, is_active) VALUES ('e2e8f97abe0791a2131b3ad3784148f0', 'Campo Deportivo Maracana', 'Lifestyle', 'icons/LIFESTYLE/cineplanet.png', -77.073484, -12.081835, 1);
INSERT INTO locations_poi (id, name, category, image_path, longitude, latitude, is_active) VALUES ('e49c864fa87991ddabe6675c68ec184f', 'Parque Antonio de Sucre', 'Áreas verdes y Recreación', 'icons/AREAS_VERDES_Y_RECREACION/logo-deporte.png', -77.067466, -12.081639, 1);
INSERT INTO locations_poi (id, name, category, image_path, longitude, latitude, is_active) VALUES ('e5fe9feac0c059f62d711d28e48e7d2a', 'Parque Virginia Candamo de la Puente', 'Áreas verdes y Recreación', 'icons/AREAS_VERDES_Y_RECREACION/logo-deporte.png', -77.064926, -12.079687, 1);
INSERT INTO locations_poi (id, name, category, image_path, longitude, latitude, is_active) VALUES ('e7133247cae90800a8d6916828c64a79', 'El Bolivariano', 'Restaurantes', 'icons/RESTAURANTES/logo-bolivariano.png', -77.063877, -12.076776, 1);
INSERT INTO locations_poi (id, name, category, image_path, longitude, latitude, is_active) VALUES ('ecdc06c53ce6166a69c10c925982d1dd', 'Pichincha', 'Finanzas', 'icons/FINANZAS/logo-pichincha.png', -77.053859, -12.087578, 1);
INSERT INTO locations_poi (id, name, category, image_path, longitude, latitude, is_active) VALUES ('f16dca723c830178ca52f7f4e14e6de0', 'ISIL', 'Educación', 'icons/EDUCACION/logo-isil.png', -77.053263, -12.093852, 1);
INSERT INTO locations_poi (id, name, category, image_path, longitude, latitude, is_active) VALUES ('f1d38c35be2fa743913c4ec9cbb15088', 'Parque Principe', 'Áreas verdes y Recreación', 'icons/AREAS_VERDES_Y_RECREACION/logo-deporte.png', -77.067026, -12.080633, 1);
INSERT INTO locations_poi (id, name, category, image_path, longitude, latitude, is_active) VALUES ('fd0443bc47549f48a8fd6e9845c53798', 'Inkafarma', 'Salud y bienestar', 'icons/SALUD_Y_BIENESTAR/logo-inkafarma.png', -77.066981, -12.082976, 1);
INSERT INTO locations_poi (id, name, category, image_path, longitude, latitude, is_active) VALUES ('ff1ace0e880716b07c052c9398a31fdd', 'Cajero BBVA', 'Finanzas', 'icons/FINANZAS/logo-bbva.png', -77.060679, -12.087707, 1);
